<?xml version="1.0"?>
<appian-component-plugin name="Highchart Component" key="com.apppiancs.plugins.highcharts">
  <plugin-info>
    <description>Highcharts</description>
    <vendor name="Appian CS" url="https://appian.com"/>
    <version>1.0.0</version>
    <support supported="true" email="adhocreportingappsupport@appian.com"/>
  </plugin-info>
  <component rule-name="wordCloudField" version="1.0.0">
    <sdk-version>2.0.0</sdk-version>
    <supported-user-agents>chrome edge safari mobile</supported-user-agents>
    <icon-file>image.svg</icon-file>
    <parameter>
      <name>series</name>
      <category>input-only</category>
      <type>Dictionary?list</type>
    </parameter>
    <parameter>
      <name>xAxisTitle</name>
      <category>input-only</category>
      <type>Text</type>
    </parameter>
    <parameter>
      <name>yAxisTitle</name>
      <category>input-only</category>
      <type>Text</type>
    </parameter>
    <parameter>
      <name>yAxisMin</name>
      <category>input-only</category>
      <type>Decimal</type>
    </parameter>
    <parameter>
      <name>yAxisMax</name>
      <category>input-only</category>
      <type>Decimal</type>
    </parameter>
    <parameter>
      <name>showTooltips</name>
      <category>input-only</category>
      <type>Boolean</type>
    </parameter>
    <parameter>
      <name>allowDecimalAxisLabels</name>
      <category>input-only</category>
      <type>Boolean</type>
    </parameter>
    <parameter>
      <name>colorScheme</name>
      <category>input-only</category>
      <type>Variant</type>
    </parameter>
    <parameter>
      <name>xAxisStyle</name>
      <category>input-only</category>
      <type>Text</type>
    </parameter>
    <parameter>
      <name>yAxisStyle</name>
      <category>input-only</category>
      <type>Text</type>
    </parameter>
    <parameter>
      <name>showLinks</name>
      <category>input-only</category>
      <type>Boolean</type>
    </parameter>
    <parameter>
      <name>link</name>
      <category>event</category>
    </parameter>
    <html-entry-point>index.html</html-entry-point>
  </component>
  <component rule-name="packedBubbleField" version="1.0.0">
    <sdk-version>2.0.0</sdk-version>
    <supported-user-agents>chrome edge safari mobile</supported-user-agents>
    <icon-file>image.svg</icon-file>
    <parameter>
      <name>series</name>
      <category>input-only</category>
      <type>Dictionary?list</type>
    </parameter>
    <parameter>
      <name>showTooltips</name>
      <category>input-only</category>
      <type>Boolean</type>
    </parameter>
    <parameter>
      <name>showDataLabels</name>
      <category>input-only</category>
      <type>Boolean</type>
    </parameter>
    <parameter>
      <name>colorScheme</name>
      <category>input-only</category>
      <type>Variant</type>
    </parameter>
    <html-entry-point>index.html</html-entry-point>
  </component>
  <component rule-name="sankeyDiagramField" version="1.0.0">
    <sdk-version>2.0.0</sdk-version>
    <supported-user-agents>chrome edge safari mobile</supported-user-agents>
    <icon-file>image.svg</icon-file>
    <parameter>
      <name>series</name>
      <category>input-only</category>
      <type>Dictionary?list</type>
    </parameter>
    <parameter>
      <name>showTooltips</name>
      <category>input-only</category>
      <type>Boolean</type>
    </parameter>
    <parameter>
      <name>colorScheme</name>
      <category>input-only</category>
      <type>Variant</type>
    </parameter>
    <html-entry-point>index.html</html-entry-point>
  </component>
</appian-component-plugin>
